step,time_days,p_min,p_max,phi_min,phi_max,sigma_T_min,sigma_T_max,source_rate_min,source_rate_max,fixed_stress_iterations,pressure_newton_iterations
1,5.0000000000e+00,6.1312500183e+07,7.0000000000e+07,8.0000000034e-02,8.1631741591e-02,-3.6613071326e+07,-3.5181112524e+07,5.2915854780e-10,3.6940996488e-02,3,2
2,1.0000000000e+01,6.1312501882e+07,7.0000000000e+07,8.0000000354e-02,8.1698495741e-02,-3.6576741241e+07,-3.5181112750e+07,-9.4011578500e-04,8.4195215152e-03,3,2
3,1.5000000000e+01,6.1312510178e+07,7.0000000000e+07,8.0000001931e-02,8.1717381941e-02,-3.6571633618e+07,-3.5181113881e+07,-1.3228704390e-04,4.2970597724e-03,3,2
4,2.0000000000e+01,6.1312538624e+07,7.0000000000e+07,8.0000007385e-02,8.1726775357e-02,-3.6572555534e+07,-3.5181117839e+07,9.3846257350e-08,2.8719916926e-03,3,2
5,2.5000000000e+01,6.1312615672e+07,7.0000000000e+07,8.0000022268e-02,8.1732616936e-02,-3.6574443793e+07,-3.5181128762e+07,2.5894480246e-07,2.1612900347e-03,3,2
6,3.0000000000e+01,6.1312791415e+07,6.7881195999e+07,8.0000056440e-02,8.1344318348e-02,-3.6250744592e+07,-3.5181154091e+07,-8.8313830866e-03,1.4167972965e-03,3,2
7,3.5000000000e+01,6.1313142695e+07,6.6996930989e+07,8.0000125140e-02,8.1163579448e-02,-3.6108801127e+07,-3.5181205464e+07,-3.5802116357e-03,1.0067020424e-03,3,2
8,4.0000000000e+01,6.1313774788e+07,6.6428556980e+07,8.0000249387e-02,8.1046764672e-02,-3.6016818683e+07,-3.5181299116e+07,-2.3056351836e-03,7.6091068076e-04,3,2
9,4.5000000000e+01,6.1314818695e+07,6.6013840828e+07,8.0000455506e-02,8.0961557927e-02,-3.5949496741e+07,-3.5181455592e+07,-1.6806068053e-03,5.9985415877e-04,3,2
10,5.0000000000e+01,6.1316424190e+07,6.5691020162e+07,8.0000773772e-02,8.0895283108e-02,-3.5896990686e+07,-3.5181698753e+07,-1.3061420248e-03,4.8883520551e-04,3,2
11,5.5000000000e+01,6.1318749778e+07,6.5429317219e+07,8.0001236412e-02,8.0841592384e-02,-3.5854368575e+07,-3.5182054251e+07,-1.0571583295e-03,4.0833028638e-04,3,2
12,6.0000000000e+01,1.0000000000e+07,6.5211053067e+07,7.0032430839e-02,8.0796838460e-02,-3.5818791017e+07,-2.4024585810e+07,-9.9315743891e-02,3.4624962107e-04,3,2
13,6.5000000000e+01,1.0000000000e+07,6.5025118444e+07,6.9657762808e-02,8.0758730848e-02,-3.5788465012e+07,-2.4336146565e+07,-2.4074710321e-02,2.3846243244e-03,3,2
14,7.0000000000e+01,1.0000000000e+07,6.4864071458e+07,6.9562687545e-02,8.0725736470e-02,-3.5762186118e+07,-2.4601331143e+07,-1.3178057649e-02,1.9008050936e-03,3,2
15,7.5000000000e+01,1.0000000000e+07,6.4722667468e+07,6.9522167306e-02,8.0696775881e-02,-3.5739103879e+07,-2.4786168134e+07,-8.8820351472e-03,1.2738272408e-03,3,2
16,8.0000000000e+01,1.0000000000e+07,6.4597039768e+07,6.9500043728e-02,8.0671054037e-02,-3.5718590303e+07,-2.4922106039e+07,-6.6835513539e-03,9.1163486913e-04,3,2
17,8.5000000000e+01,1.0000000000e+07,6.4484210199e+07,6.9486211211e-02,8.0647959258e-02,-3.5700161018e+07,-2.5027473189e+07,-5.3650954813e-03,6.9227161789e-04,3,2
18,9.0000000000e+01,2.4871088214e+07,7.0000000000e+07,7.2340661538e-02,8.1681750234e-02,-3.6606662396e+07,-2.8499685830e+07,-4.1519171197e-03,4.0434719922e-02,3,2
19,9.5000000000e+01,3.0511086720e+07,7.0000000000e+07,7.3580211854e-02,8.1723171013e-02,-3.6583977576e+07,-2.9774274154e+07,-3.2907238137e-03,1.7565363128e-02,3,2
20,1.0000000000e+02,3.3982945526e+07,7.0000000000e+07,7.4334555770e-02,8.1734669705e-02,-3.6580593261e+07,-3.0482515227e+07,-2.6411407725e-03,1.0667778115e-02,3,2
21,1.0500000000e+02,3.6462920727e+07,7.0000000000e+07,7.4865811330e-02,8.1740284020e-02,-3.6580950957e+07,-3.0958160776e+07,-2.1627262305e-03,7.5880058599e-03,3,2
22,1.1000000000e+02,3.8367739005e+07,7.0000000000e+07,7.5269838303e-02,8.1743710802e-02,-3.6581921532e+07,-3.1310110803e+07,-1.8018287695e-03,5.8502699712e-03,3,2
23,1.1500000000e+02,3.9897727505e+07,7.0000000000e+07,7.5592123600e-02,8.1746052281e-02,-3.6582887514e+07,-3.1586025773e+07,-1.5203855304e-03,4.7321248671e-03,3,2
24,1.2000000000e+02,4.1165306944e+07,6.8523894508e+07,7.5857798274e-02,8.1474634311e-02,-3.6357884990e+07,-3.1810811576e+07,-6.2045427543e-03,3.9521633895e-03,3,2
25,1.2500000000e+02,4.2239932020e+07,6.7859847923e+07,7.6082184461e-02,8.1338961922e-02,-3.6251006649e+07,-3.1999067903e+07,-2.7195418888e-03,3.3778826848e-03,3,2
26,1.3000000000e+02,4.3167460978e+07,6.7401762170e+07,7.6275291759e-02,8.1244950618e-02,-3.6176693745e+07,-3.2160063152e+07,-1.8813826722e-03,2.9383807380e-03,3,2
27,1.3500000000e+02,4.3979697167e+07,6.7043478314e+07,7.6444003150e-02,8.1171468678e-02,-3.6118397195e+07,-3.2300035153e+07,-1.4707425045e-03,2.5921239519e-03,3,2
28,1.4000000000e+02,4.4699551540e+07,6.6744417149e+07,7.6593243194e-02,8.1110189651e-02,-3.6069644869e+07,-3.2423373701e+07,-1.2260008000e-03,2.3130951391e-03,3,2
29,1.4500000000e+02,4.5344037742e+07,6.6484176886e+07,7.6726648492e-02,8.1056906706e-02,-3.6027168227e+07,-3.2533278659e+07,-1.0651929128e-03,2.0841314299e-03,3,2
30,1.5000000000e+02,1.0000000000e+07,6.6250941404e+07,6.9886575816e-02,8.1009182555e-02,-3.5989068435e+07,-2.4716327697e+07,-6.1689982766e-02,-1.5243779203e-04,3,2
31,1.5500000000e+02,1.0000000000e+07,6.6037257900e+07,6.9593477356e-02,8.0965480677e-02,-3.5954142248e+07,-2.4880556391e+07,-1.3893317968e-02,1.1441770874e-03,3,2
32,1.6000000000e+02,1.0000000000e+07,6.5838155202e+07,6.9520509799e-02,8.0924776785e-02,-3.5921585102e+07,-2.5054625445e+07,-7.4662457357e-03,1.1521404443e-03,3,2
33,1.6500000000e+02,1.0000000000e+07,6.5650184996e+07,6.9491031748e-02,8.0886360766e-02,-3.5890838063e+07,-2.5179269728e+07,-4.9338125147e-03,8.0110852803e-04,3,2
34,1.7000000000e+02,1.0000000000e+07,6.5470882593e+07,6.9475836903e-02,8.0849725331e-02,-3.5861501207e+07,-2.5271198209e+07,-3.6610250404e-03,5.7929160966e-04,3,2
35,1.7500000000e+02,1.0000000000e+07,6.5298439680e+07,6.9466835685e-02,8.0814498507e-02,-3.5833280861e+07,-2.5342250869e+07,-2.9191644485e-03,4.4129910124e-04,3,2
36,1.8000000000e+02,2.1414523614e+07,7.0000000000e+07,7.1660714175e-02,8.1693911912e-02,-3.6603796762e+07,-2.8013973182e+07,-2.6275548602e-03,2.7247436988e-02,3,2
37,1.8500000000e+02,2.5966063541e+07,7.0000000000e+07,7.2661009443e-02,8.1728431389e-02,-3.6584228884e+07,-2.9049924023e+07,-1.7444472137e-03,1.2428812031e-02,3,2
38,1.9000000000e+02,2.8870587116e+07,7.0000000000e+07,7.3292862269e-02,8.1737654212e-02,-3.6580986160e+07,-2.9647646127e+07,-1.4173844939e-03,7.8470014045e-03,3,2
39,1.9500000000e+02,3.1013609907e+07,7.0000000000e+07,7.3752531204e-02,8.1741947936e-02,-3.6580935600e+07,-3.0061678320e+07,-1.1896823875e-03,5.7735828186e-03,3,2
40,2.0000000000e+02,3.2709938009e+07,7.0000000000e+07,7.4112716499e-02,8.1744436470e-02,-3.6581435852e+07,-3.0376842676e+07,-1.0269433751e-03,4.5948667486e-03,3,2
41,2.0500000000e+02,3.4111341047e+07,7.0000000000e+07,7.4408151229e-02,8.1746046168e-02,-3.6581963905e+07,-3.0630597784e+07,-9.0276351453e-04,3.8304979038e-03,3,2
42,2.1000000000e+02,3.5303314665e+07,6.8487616086e+07,7.4658124338e-02,8.1467494378e-02,-3.6351773840e+07,-3.0842603747e+07,-6.3652016829e-03,3.2920724334e-03,3,2
43,2.1500000000e+02,3.6338939895e+07,6.7776414439e+07,7.4874456651e-02,8.1322236322e-02,-3.6237137785e+07,-3.1024421486e+07,-2.9146688772e-03,2.8908903816e-03,3,2
44,2.2000000000e+02,3.7253476014e+07,6.7265596754e+07,7.5064914700e-02,8.1217485579e-02,-3.6154165489e+07,-3.1183414980e+07,-2.0977325318e-03,2.5796338526e-03,3,2
45,2.2500000000e+02,3.8071548505e+07,6.6851723233e+07,7.5234873843e-02,8.1132670640e-02,-3.6086752267e+07,-3.1324560880e+07,-1.6974031861e-03,2.3306914752e-03,3,2
46,2.3000000000e+02,3.8811038918e+07,6.6495819736e+07,7.5388208224e-02,8.1059796055e-02,-3.6028682593e+07,-3.1451379374e+07,-1.4565589111e-03,2.1268296215e-03,3,2
47,2.3500000000e+02,3.9485342917e+07,6.6178512578e+07,7.5527802079e-02,8.0994867022e-02,-3.5976856115e+07,-3.1566452178e+07,-1.2955676038e-03,1.9567122937e-03,3,2
48,2.4000000000e+02,1.0000000000e+07,6.5888670064e+07,6.9828433485e-02,8.0935587390e-02,-3.5929484689e+07,-2.4998167425e+07,-4.9103931451e-02,1.3888290428e-04,3,2
49,2.4500000000e+02,1.0000000000e+07,6.5619299802e+07,6.9569944083e-02,8.0880515612e-02,-3.5885439564e+07,-2.5116446639e+07,-1.0730053938e-02,7.8980796338e-04,3,2
50,2.5000000000e+02,1.0000000000e+07,6.5365737563e+07,6.9505986755e-02,8.0828690762e-02,-3.5843965819e+07,-2.5259199415e+07,-5.6959542482e-03,9.1089559906e-04,3,2
51,2.5500000000e+02,1.0000000000e+07,6.5124734933e+07,6.9480741086e-02,8.0779444049e-02,-3.5804536840e+07,-2.5362793878e+07,-3.7443519539e-03,6.4435617731e-04,3,2
52,2.6000000000e+02,1.0000000000e+07,6.4893953648e+07,6.9468088236e-02,8.0732294334e-02,-3.5766773115e+07,-2.5439169945e+07,-2.7345120415e-03,4.6710798559e-04,3,2
53,2.6500000000e+02,1.0000000000e+07,6.4671663361e+07,6.9460810660e-02,8.0686885777e-02,-3.5730393540e+07,-2.5497944632e+07,-2.1548420433e-03,3.5509331792e-04,3,2
54,2.7000000000e+02,1.9797157397e+07,7.0000000000e+07,7.1345312733e-02,8.1682884569e-02,-3.6602877636e+07,-2.7795566815e+07,-2.1276428440e-03,2.2720803893e-02,3,2
55,2.7500000000e+02,2.3791744247e+07,7.0000000000e+07,7.2223459045e-02,8.1721837758e-02,-3.6580563284e+07,-2.8709285511e+07,-1.2133133484e-03,1.0152159940e-02,3,2
56,2.8000000000e+02,2.6377901519e+07,7.0000000000e+07,7.2786665608e-02,8.1732155049e-02,-3.6576829073e+07,-2.9244808006e+07,-9.6529636885e-04,6.5030924410e-03,3,2
57,2.8500000000e+02,2.8310328506e+07,7.0000000000e+07,7.3201645694e-02,8.1736921322e-02,-3.6576738411e+07,-2.9620224782e+07,-8.0499277706e-04,4.8433721949e-03,3,2
58,2.9000000000e+02,2.9858022131e+07,7.0000000000e+07,7.3530611142e-02,8.1739668384e-02,-3.6577285032e+07,-2.9909079205e+07,-6.9795591791e-04,3.8991011838e-03,3,2
59,2.9500000000e+02,3.1150821946e+07,7.0000000000e+07,7.3803387943e-02,8.1741441025e-02,-3.6577873738e+07,-3.0144020134e+07,-6.2218502263e-04,3.2868931872e-03,3,2
60,3.0000000000e+02,3.2261929639e+07,6.8225391204e+07,7.4036570070e-02,8.1414569271e-02,-3.6307989198e+07,-3.0342218060e+07,-7.4496149195e-03,2.8555859316e-03,3,2
61,3.0500000000e+02,3.3236827900e+07,6.7388149822e+07,7.4240338250e-02,8.1243566299e-02,-3.6173027149e+07,-3.0513775932e+07,-3.4180824243e-03,2.5339113953e-03,3,2
62,3.1000000000e+02,3.4105755248e+07,6.6785856830e+07,7.4421387541e-02,8.1120055731e-02,-3.6075193856e+07,-3.0665129397e+07,-2.4613875855e-03,2.2838810608e-03,3,2
63,3.1500000000e+02,3.4889853961e+07,6.6297901176e+07,7.4584356193e-02,8.1020055092e-02,-3.5995716457e+07,-3.0800627655e+07,-1.9898318251e-03,2.0833733401e-03,3,2
64,3.2000000000e+02,3.5604498063e+07,6.5878914691e+07,7.4732591067e-02,8.0934257478e-02,-3.5927357494e+07,-3.0923347618e+07,-1.7037101474e-03,1.9186199553e-03,3,2
65,3.2500000000e+02,3.6261225353e+07,6.5506354138e+07,7.4868587614e-02,8.0858014696e-02,-3.5866511249e+07,-3.1035547106e+07,-1.5104073799e-03,1.7805937285e-03,3,2
66,3.3000000000e+02,1.0000000000e+07,6.5167251541e+07,6.9795361430e-02,8.0788651936e-02,-3.5811094529e+07,-2.5160534531e+07,-4.2508462102e-02,2.4145213291e-04,3,2
67,3.3500000000e+02,1.0000000000e+07,6.4853435217e+07,6.9557431491e-02,8.0724484669e-02,-3.5759788047e+07,-2.5255957999e+07,-9.1023628940e-03,6.2113622337e-04,3,2
68,3.4000000000e+02,1.0000000000e+07,6.4559424304e+07,6.9498763043e-02,8.0664383939e-02,-3.5711704572e+07,-2.5382164654e+07,-4.8197874884e-03,7.8770968536e-04,3,2
69,3.4500000000e+02,1.0000000000e+07,6.4281372333e+07,6.9475925651e-02,8.0607557972e-02,-3.5666220358e+07,-2.5474599341e+07,-3.1506541799e-03,5.6359852608e-04,3,2
70,3.5000000000e+02,1.0000000000e+07,6.4016483955e+07,6.9464678931e-02,8.0553431725e-02,-3.5622881567e+07,-2.5542762418e+07,-2.2912441440e-03,4.0930042804e-04,3,2
71,3.5500000000e+02,1.0000000000e+07,6.3762669040e+07,6.9458333125e-02,8.0501575479e-02,-3.5581348542e+07,-2.5595077725e+07,-1.7851533164e-03,3.1070746805e-04,3,2
72,3.6000000000e+02,1.8824744134e+07,7.0000000000e+07,7.1156734838e-02,8.1667569038e-02,-3.6602786409e+07,-2.7667711039e+07,-1.8652651333e-03,2.6578755912e-02,3,2
73,3.6500000000e+02,2.2470310451e+07,7.0000000000e+07,7.1958391205e-02,8.1713315415e-02,-3.6576567717e+07,-2.8504606189e+07,-9.6311104946e-04,8.8385522643e-03,3,2
